{"cameraMode":{"drawMode":0,"name":"Shaded","section":"Shading Mode"},"sceneLighting":true,"audioPlay":false,"sceneViewState":{"showFog":true,"showMaterialUpdate":true,"showSkybox":true,"showFlares":true,"showImageEffects":true,"showParticleSystems":true},"in2DMode":false,"pivot":{"x":127.66667938232422,"y":83.94084167480469,"z":0.0},"rotation":{"x":-0.030303169041872026,"y":0.010773579590022564,"z":-0.0003566659288480878,"w":-0.999509334564209},"size":502.03485107421877,"orthographic":false}