{"cameraMode":{"drawMode":0,"name":"Shaded","section":"Shading Mode"},"sceneLighting":false,"audioPlay":false,"sceneViewState":{"showFog":true,"showMaterialUpdate":false,"showSkybox":true,"showFlares":true,"showImageEffects":true,"showParticleSystems":true},"in2DMode":false,"pivot":{"x":-0.3423118591308594,"y":1.0565673112869263,"z":-0.24003683030605317},"rotation":{"x":-0.054946135729551318,"y":0.137081578373909,"z":-0.007651358377188444,"w":-0.9891118407249451},"size":2.167388916015625,"orthographic":false}