{"cameraMode":{"drawMode":0,"name":"Shaded","section":"Shading Mode"},"sceneLighting":true,"audioPlay":false,"sceneViewState":{"showFog":true,"showMaterialUpdate":false,"showSkybox":true,"showFlares":true,"showImageEffects":true,"showParticleSystems":true},"in2DMode":false,"pivot":{"x":1.2350636720657349,"y":0.7149136066436768,"z":0.4252614974975586},"rotation":{"x":0.089301198720932,"y":-0.11211822926998139,"z":0.010206624865531922,"w":0.9896688461303711},"size":3.1412155628204347,"orthographic":false}