{"cameraMode":{"drawMode":0,"name":"Shaded","section":"Shading Mode"},"sceneLighting":true,"audioPlay":false,"sceneViewState":{"showFog":true,"showMaterialUpdate":true,"showSkybox":true,"showFlares":true,"showImageEffects":true,"showParticleSystems":true},"in2DMode":false,"pivot":{"x":4.5,"y":3.4264235496520998,"z":-2.6808478832244875},"rotation":{"x":0.01007105503231287,"y":0.6470639109611511,"z":0.008518962189555169,"w":-0.7623549699783325},"size":6.655071258544922,"orthographic":false}