{"cameraMode":{"drawMode":0,"name":"Shaded","section":"Shading Mode"},"sceneLighting":true,"audioPlay":false,"sceneViewState":{"showFog":true,"showMaterialUpdate":false,"showSkybox":true,"showFlares":true,"showImageEffects":true,"showParticleSystems":true},"in2DMode":false,"pivot":{"x":3.784846305847168,"y":-0.04153943061828613,"z":2.997227430343628},"rotation":{"x":-0.25807327032089236,"y":-0.0002850954479072243,"z":0.00003651862425613217,"w":-0.9662354588508606},"size":7.661037445068359,"orthographic":false}