{"cameraMode":{"drawMode":0,"name":"Shaded","section":"Shading Mode"},"sceneLighting":true,"audioPlay":false,"sceneViewState":{"showFog":true,"showMaterialUpdate":true,"showSkybox":true,"showFlares":true,"showImageEffects":true,"showParticleSystems":true},"in2DMode":false,"pivot":{"x":70.00000762939453,"y":175.0,"z":-0.046666666865348819},"rotation":{"x":0.0479813851416111,"y":0.004494749940931797,"z":-0.0002170033985748887,"w":0.9988420605659485},"size":224.4916534423828,"orthographic":false}