{"cameraMode":{"drawMode":0,"name":"Shaded","section":"Shading Mode"},"sceneLighting":true,"audioPlay":false,"sceneViewState":{"showFog":true,"showMaterialUpdate":true,"showSkybox":true,"showFlares":true,"showImageEffects":true,"showParticleSystems":true},"in2DMode":false,"pivot":{"x":0.0,"y":0.7165067195892334,"z":-0.02500063180923462},"rotation":{"x":0.1966036558151245,"y":-0.03234683349728584,"z":0.006494063884019852,"w":0.97994065284729},"size":2.8934483528137209,"orthographic":false}