{"cameraMode":{"drawMode":0,"name":"Shaded","section":"Shading Mode"},"sceneLighting":true,"audioPlay":false,"sceneViewState":{"showFog":true,"showMaterialUpdate":false,"showSkybox":true,"showFlares":true,"showImageEffects":true,"showParticleSystems":true},"in2DMode":false,"pivot":{"x":3.549750328063965,"y":1.0887008905410767,"z":-0.22338247299194337},"rotation":{"x":-0.22895726561546327,"y":-0.011972342617809773,"z":0.002758458023890853,"w":-0.9734659790992737},"size":3.6128592491149904,"orthographic":false}