{"cameraMode":{"drawMode":0,"name":"Shaded","section":"Shading Mode"},"sceneLighting":true,"audioPlay":false,"sceneViewState":{"showFog":true,"showMaterialUpdate":true,"showSkybox":true,"showFlares":true,"showImageEffects":true,"showParticleSystems":true},"in2DMode":false,"pivot":{"x":4.42581844329834,"y":0.1489981859922409,"z":1.7177706956863404},"rotation":{"x":0.39939144253730776,"y":-0.04232575744390488,"z":0.018451858311891557,"w":0.9156389832496643},"size":5.697780132293701,"orthographic":false}