{"cameraMode":{"drawMode":0,"name":"Shaded","section":"Shading Mode"},"sceneLighting":true,"audioPlay":false,"sceneViewState":{"showFog":true,"showMaterialUpdate":true,"showSkybox":true,"showFlares":true,"showImageEffects":true,"showParticleSystems":true},"in2DMode":false,"pivot":{"x":4.3046369552612309,"y":1.4489816427230836,"z":2.1519813537597658},"rotation":{"x":0.0479813851416111,"y":0.004494749940931797,"z":-0.0002170033985748887,"w":0.9988420605659485},"size":11.651567459106446,"orthographic":false}