{"cameraMode":{"drawMode":0,"name":"Shaded","section":"Shading Mode"},"sceneLighting":true,"audioPlay":false,"sceneViewState":{"showFog":true,"showMaterialUpdate":true,"showSkybox":true,"showFlares":true,"showImageEffects":true,"showParticleSystems":true},"in2DMode":false,"pivot":{"x":5.052891731262207,"y":1.92596435546875,"z":2.126232147216797},"rotation":{"x":0.27105802297592165,"y":-0.008660593070089817,"z":0.002441129880025983,"w":0.9625362157821655},"size":7.3375959396362309,"orthographic":false}